<?xml version="1.0" encoding="UTF-8"?>

<mule xmlns:tracking="http://www.mulesoft.org/schema/mule/ee/tracking" xmlns:mulexml="http://www.mulesoft.org/schema/mule/xml" xmlns:dw="http://www.mulesoft.org/schema/mule/ee/dw" xmlns:context="http://www.springframework.org/schema/context" xmlns:http="http://www.mulesoft.org/schema/mule/http" xmlns:db="http://www.mulesoft.org/schema/mule/db" xmlns="http://www.mulesoft.org/schema/mule/core" xmlns:doc="http://www.mulesoft.org/schema/mule/documentation"
	xmlns:spring="http://www.springframework.org/schema/beans" 
	xmlns:xsi="http://www.w3.org/2001/XMLSchema-instance"
	xsi:schemaLocation="http://www.springframework.org/schema/beans http://www.springframework.org/schema/beans/spring-beans-current.xsd
http://www.mulesoft.org/schema/mule/core http://www.mulesoft.org/schema/mule/core/current/mule.xsd
http://www.mulesoft.org/schema/mule/http http://www.mulesoft.org/schema/mule/http/current/mule-http.xsd
http://www.mulesoft.org/schema/mule/db http://www.mulesoft.org/schema/mule/db/current/mule-db.xsd
http://www.springframework.org/schema/context http://www.springframework.org/schema/context/spring-context-current.xsd
http://www.mulesoft.org/schema/mule/ee/dw http://www.mulesoft.org/schema/mule/ee/dw/current/dw.xsd
http://www.mulesoft.org/schema/mule/xml http://www.mulesoft.org/schema/mule/xml/current/mule-xml.xsd
http://www.mulesoft.org/schema/mule/ee/tracking http://www.mulesoft.org/schema/mule/ee/tracking/current/mule-tracking-ee.xsd">
    <http:listener-config name="HTTP_Listener_Configuration_Testing" host="0.0.0.0" port="8081" doc:name="HTTP Listener Configuration"/>
    
    <db:mysql-config name="MySQL_Configuration"      doc:name="MySQL Configuration" driverClassName="com.microsoft.sqlserver.jdbc.SQLServerDriver" url="jdbc:sqlserver://${org.hf.db.corr.host}\${org.hf.db.corr.instance};databasename=${org.hf.db.corr.schema};user=${org.hf.db.corr.username};password=${org.hf.db.corr.password}"/>
    <context:property-placeholder location="local.properties"/>
    <http:request-config name="HTTP_Request_Configuration" host="0.0.0.0" port="8089" basePath="/testing2" doc:name="HTTP Request Configuration"/>
    <http:listener-config name="HTTP_Listener_Configuration" host="0.0.0.0" port="8089" basePath="/testing2" doc:name="HTTP Listener Configuration"/>
    <flow name="testapplicationFlow">
        <http:listener config-ref="HTTP_Listener_Configuration_Testing" path="/test" doc:name="HTTP" parseRequest="false">
            <http:response-builder statusCode="2343" reasonPhrase="success" disablePropertiesAsHeaders="true">
                <http:header headerName="4544" value="success4"/>
            </http:response-builder>
            <http:error-response-builder disablePropertiesAsHeaders="true"/>
        </http:listener>
        <set-property propertyName="date" value="#[server.dateTime]" doc:name="Property"/>
        <set-property propertyName="expires" value="#[server.dateTime.plusHours(1)]" doc:name="Property"/>
        <set-payload value="#['test body']" doc:name="Set Payload"/>
         <logger message="#### After Listener connector #[message]" level="INFO" doc:name="Logger"/>
        <set-variable variableName="name" value="#['Lakshmi']" doc:name="Variable"/>
        <http:request config-ref="HTTP_Request_Configuration" path="/yes" method="GET" doc:name="HTTP" sendBodyMode="ALWAYS" requestStreamingMode="ALWAYS" source="#[message]">
            <http:request-builder>
                <http:header headerName="http.status" value="2343"/>
            </http:request-builder>
        </http:request>
        <logger message="#### After Request connector #[message]" level="INFO" doc:name="Logger"/>
        <dw:transform-message doc:name="Transform Message">
            <dw:set-payload><![CDATA[%dw 1.0
%output application/json
---
result :
	payload
	
]]></dw:set-payload>
        </dw:transform-message>
    </flow>
    <flow name="testapplicationFlow1">
        <http:listener config-ref="HTTP_Listener_Configuration" path="/yes" doc:name="HTTP">
            <http:response-builder statusCode="200" reasonPhrase="success"/>
        </http:listener>
        <logger message="##### Logger" level="INFO" doc:name="Logger"/>
    </flow>


    <flow name="customResponseFlow">
        <http:listener config-ref="HTTP_Listener_Configuration" path="login" doc:name="HTTP" allowedMethods="POST">
            <http:response-builder reasonPhrase="Log in Successful" statusCode="500"/>
            <http:error-response-builder statusCode="#[errorStatusCode]" reasonPhrase="#[errorReasonPhrase]"/>
        </http:listener>
        <message-filter throwOnUnaccepted="true" doc:name="Fail if person does not exists" onUnaccepted="filteredmessagesflow">
            <expression-filter expression="#[message.inboundProperties.'http.query.params'.user == 'mule']"/>
        </message-filter>
        <set-payload value="Log in Successful!" doc:name="Set Payload"/>      
        <rollback-exception-strategy  doc:name="Rollback Exception Strategy">
                <set-variable variableName="errorStatusCode" value="404" doc:name="Set status code"/>
                <set-variable variableName="errorReasonPhrase" value="Requested user does not exist" doc:name="Set reason phrase"/>
        </rollback-exception-strategy>
    </flow>
    <flow name="filteredmessagesflow">
        <byte-array-to-object-transformer doc:name="Byte Array to Object"/>
        <logger message="#### Filtered Messages  : #[message.inboundProperties.'http.query.params'.user] rejected : and payload is #[payload]" level="INFO" doc:name="Logger"/>
    </flow>
</mule>
